in,v(in),v(out),vs#branch
4.000000000000000e+00,4.000000000000000e+00,3.000000000000000e+00,-1.000000000000000e-03
